Development Priority,Category,Component,Algorithm/Data Structure,Feature,Task Priority

1,Core Trading,Orderbook,Orderbook,BTreeMap,Order Storage,High [IMPLEMENTED]
1,Core Trading,Orderbook,Orderbook,Price-Time Priority,Order Matching,High [IMPLEMENTED]
1,Core Trading,Orderbook,Orderbook,Vector,Order Queue,High [IMPLEMENTED]
1,Core Trading,Orderbook,Orderbook,Red-Black Tree,Price Level Storage,High [IMPLEMENTED]
1,Core Trading,Orderbook,Orderbook,Heap,Time Priority Queue,High [IMPLEMENTED]
1,Core Trading,Orderbook,Orderbook,Queue,Transaction Mempool,High [IMPLEMENTED]
1,Core Trading,AMM,AMM,Constant Product (x*y=k),Pool Pricing,High [IMPLEMENTED]
1,Core Trading,AMM,AMM,StableSwap Invariant,Pool Pricing,High [IMPLEMENTED]
1,Core Trading,AMM,AMM,Concentrated Liquidity,Tick-based Positioning,High [IMPLEMENTED]
1,Core Trading,AMM,AMM,Hash Map,Token Pair Reserves,High [IMPLEMENTED]

1,Core Trading,DEX Aggregator,DEX Aggregator,Graph,DEX Liquidity Network,High [IMPLEMENTED]
1,Core Trading,DEX Aggregator,DEX Aggregator,Hash Map,Route Caching,High [IMPLEMENTED]
1,Core Trading,DEX Aggregator,DEX Aggregator,Max-Heap (implicit),Best Route Selection,High [IMPLEMENTED]
1,Core Trading,DEX Aggregator,DEX Aggregator,Dijkstra's Algorithm (variant),Route Optimization,High
1,Core Trading,Oracle,Oracle,Median Selection,Price Aggregation,High
1,Core Trading,Oracle,Oracle,TWAP Calculation,Price Aggregation,High

1,Core Components,DEX Chain Core,Quantum Consensus,Rust + GPU + Quantum Consensus,Quantum-Resistant Consensus,High
1,Core Components,Quantum Consensus (QBFT),Consensus,QVRF Leader Selection,Leader Selection,High
1,Core Components,Quantum Consensus (QBFT),Consensus,Lattice BFT Core,BFT Core,High
1,Main Types,Consensus Type,Consensus,BFT + Quantum VRF + Lattice Signatures,Consensus Mechanism,High
2,Core Trading,Orderbook,Orderbook,Hash Map,Order ID Lookup,Medium [IMPLEMENTED]
2,Core Trading,Orderbook,Orderbook,Merkle Tree,Batch Order Proofs,Medium [IMPLEMENTED]
2,Core Trading,AMM,AMM,Curve Fitting,StableSwap,High [IMPLEMENTED]
2,Core Trading,AMM,AMM,Newton-Raphson Method,Numerical Computation,Medium [IMPLEMENTED]
2,Core Trading,AMM,AMM,Binary Search,Price Range Checks,Medium [IMPLEMENTED]
2,Core Trading,AMM,AMM,Priority Queue,Fee Claims,Medium [IMPLEMENTED]
2,Core Trading,AMM,AMM,Balanced BST,Fee Distribution,Medium [IMPLEMENTED]
2,Core Trading,DEX Aggregator,DEX Aggregator,Bellman-Ford,Path Routing,Medium [IMPLEMENTED]
2,Core Trading,DEX Aggregator,DEX Aggregator,Depth-First Search,Partial Fill Exploration,Medium [IMPLEMENTED]
2,Core Trading,DEX Aggregator,DEX Aggregator,Hash Set,Duplicate Trade Prevention,Medium [IMPLEMENTED]
2,Core Trading,Oracle,Oracle,Kalman Filter,Price Prediction,Medium [IMPLEMENTED]
2,Core Trading,Oracle,Oracle,Priority Queue,Reward Distribution,Medium [IMPLEMENTED]
2,Core Trading,Bridge,Bridge,Merkle Tree,Proof Verification,High [IMPLEMENTED]
2,Core Trading,Bridge,Bridge,Multi-signature Wallets,Asset Custody,High [IMPLEMENTED]
2,Core Trading,Lending,Lending,Interest Rate Model,Compound-style Algorithm,High
2,Core Trading,Lending,Lending,Accounting System,Loan Tracking,High
2,Core Trading,Lending,Lending,Health Factor Calculation,Liquidation Prevention,High
2,Core Components,Quantum Consensus (QBFT),Consensus,1,000,000 Shards,Sharding,High
2,Core Components,Quantum Consensus (QBFT),Consensus,Global Finality,Finality,High
2,Core Components,AI Treasury,Treasury,Prediction Engine,Forecasting,High
2,Core Components,AI Treasury,Treasury,Autonomous Execution,Execution,High
2,Core Components,AI Treasury,Treasury,On-Chain Proposals,Proposal Management,High
2,Core Components,Universal Bridge,Bridge,Atomic Swaps,Atomic Swaps,High
2,Main Features,Universal Payments,Payments,One-Tap Transfers,Transfer Mechanism,High
2,Main Features,Universal Payments,Payments,Free & Instant,Transaction Speed,High
2,Main Features,Global Identity,Identity,DID + Biometrics,Identity Verification,High
2,Main Features,Global Identity,Identity,Self-Sovereign,Self-Sovereign Identity,High
2,Main Features,Global Identity,Identity,Quantum-Secure,Security,High
2,Main Features,AI Governance,Governance,AI Proposals,AI Decision Making,High
2,Main Features,AI Governance,Governance,Global DAO (8B Votes),DAO Governance,High
2,Main Features,Zero Gas Execution,Execution,AI-Optimized Routing,Routing,High
2,Main Features,Zero Gas Execution,Execution,No Metering,Gas Abstraction,High
2,Main Features,Zero Gas Execution,Execution,99.999% Uptime,Reliability,High
2,Main Types,Execution Model,Execution,GPU + TPU + AI Parallel,Parallel Execution,High
2,Main Types,State Model,State,Sharded Account-Based with ZK-Proofs,State Management,High
2,Main Types,Security Model,Security,Quantum-Resistant Primitives,Quantum Resistance,High
2,Main Types,Security Model,Security,ZK + AI Self-Healing,Self-Healing,High
2,Main Types,Governance Model,Governance,AI + Global DAO Hybrid,Hybrid Governance,High
2,Components,Prediction Engine,Engine,Transformer + RL Models,Prediction Models,High
2,Components,Execution Engine,Engine,GPU Kernel Matcher,Kernel Matching,High
2,Components,Execution Engine,Engine,AI Router,AI Routing,High
2,Components,Proposal System,System,On-Chain Voting,Voting,High
2,Components,Wallet Interface,Wallet,WASM App,WASM Interface,High
2,Components,Liquidity Aggregator,Aggregator,Global Order Book,Order Book,High
2,Components,Liquidity Aggregator,Aggregator,Slippage Calculator,Slippage Calculation,High
2,Components,Security Layer,Security,Kyber Encryption,Encryption,High
2,Components,Security Layer,Security,Dilithium Signatures,Signatures,High
2,Components,Security Layer,Security,STARK ZK,Zero-Knowledge Proofs,High
3,Core Trading,Orderbook,Orderbook,AVL Tree,Order Book Balancing,Medium [IMPLEMENTED]
3,Core Trading,Bridge,Bridge,Hash Map,Cross-chain Asset Mapping,Medium [IMPLEMENTED]
3,Core Trading,Governance,Governance,Quadratic Voting,Decision Making,Medium
3,Core Trading,Governance,Governance,Snapshot Mechanism,Off-chain Voting,Medium
3,Core Trading,Keeper,Keeper,Health Check,Service Monitoring,Medium
3,Core Trading,Indexer,Indexer,Filtering Engine,Selective Data Capture,Medium
3,Infrastructure,Database,Database,Sharding,Data Partitioning,Medium
3,Infrastructure,Network,Network,Raft Consensus,Service Coordination,Medium
3,Infrastructure,Network,Network,Gossip Protocol,Node Discovery,Medium
3,Infrastructure,Indexer,Indexer,Materialized Views,Data Aggregation,Medium
3,Security,Security,Security,Digital Signatures,Evidence Integrity,Medium
3,Security,Security,Security,Hash Map,Data Classification,Medium
3,Security,Security,Security,B+ Tree,Certificate Management,Medium
3,Security,Security,Security,Hash Map,Key Rotation,Medium
3,Security,Security,Security,Regular Expressions,PII Detection,Medium
3,Security,Security,Security,Bloom Filter (conceptual),Access Control,Medium
3,Security,Security,Security,Gossip Protocol,Off-chain Sync,Medium
3,Security,Security,Security,Zero-Knowledge Proofs,Privacy Protection,Medium
3,Security,Orderbook,Orderbook,Event Logging,Security Auditing,Medium
3,Observability,Observability,Observability,Counter Metrics,Performance Monitoring,Medium
3,Observability,Observability,Observability,Gauge Metrics,State Tracking,Medium
3,Observability,Observability,Observability,Histogram Metrics,Latency Measurement,Medium
3,Testing,Testing,Testing,Hash Map,Test Result Storage,Medium
3,Testing,Testing,Testing,Vector,Test Suite Management,Medium
3,Testing,Testing,Testing,Bloom Filter (conceptual),Test Coverage,Medium
3,Supply Chain,Supply Chain,Supply Chain,B+ Tree,Artifact Registry,Medium
3,Supply Chain,Supply Chain,Supply Chain,Hash Map,Signature Verification,Medium
3,Governance,Governance,Governance,Hash Map,Policy Management,Medium
3,Application,Application,Application,Regex Validation,Input Protection,High
3,Application,Application,Application,HTML Encoding,Output Protection,High
3,Distributed Systems,Distributed Systems,Distributed Systems,Raft Leader Election,Leader Selection,Medium
3,Distributed Systems,Distributed Systems,Distributed Systems,Quorum Consensus,Read/Write Quorums,Medium
3,Distributed Systems,Distributed Systems,Distributed Systems,Log Replication,Append-only Log,Medium
3,Distributed Systems,Distributed Systems,Distributed Systems,Sharding,Hash/Range Partitioning,Medium
3,Distributed Systems,Distributed Systems,Distributed Systems,Consistent Hashing,Hash Ring,Medium
3,Distributed Systems,Distributed Systems,Distributed Systems,Circuit Breaker,Fault Isolation,Medium
3,Distributed Systems,Distributed Systems,Distributed Systems,Bulkhead,Resource Isolation,Medium
3,Distributed Systems,Distributed Systems,Distributed Systems,Retry Pattern,Exponential Backoff,Medium
3,Distributed Systems,Distributed Systems,Distributed Systems,Pub-Sub,Message Brokers,Medium
3,Distributed Systems,Distributed Systems,Distributed Systems,Gossip Protocol,Node Discovery,Medium
3,Distributed Systems,Distributed Systems,Distributed Systems,Event Sourcing,Append-only Event Store,Medium
3,Distributed Systems,Distributed Systems,Distributed Systems,CQRS,Command/Query Separation,Medium
3,Distributed Systems,Distributed Systems,Distributed Systems,Saga Pattern,Distributed Transactions,Medium
3,Distributed Systems,Distributed Systems,Distributed Systems,Consensus,Raft Algorithm,Medium
3,Distributed Systems,Distributed Systems,Distributed Systems,Consensus,Paxos Algorithm,Medium
3,Distributed Systems,Distributed Systems,Distributed Systems,Consensus,Two-Phase Commit,Medium
3,SRE Patterns,SRE Patterns,SRE Patterns,Error Budget,SLO Targets,Medium
3,SRE Patterns,SRE Patterns,SRE Patterns,Canary Releases,Traffic Splitting,Medium
3,SRE Patterns,SRE Patterns,SRE Patterns,Chaos Engineering,Failure Injection,Medium
3,SRE Patterns,SRE Patterns,SRE Patterns,Handling Overload,Rate Limiting,Medium
3,SRE Patterns,SRE Patterns,SRE Patterns,Addressing Cascading Failures,Dependency Graphs,Medium
3,Zero-Downtime Deployment,Zero-Downtime Deployment,Zero-Downtime Deployment,Blue-Green Deployment,Environment Switching,Medium
3,Zero-Downtime Deployment,Zero-Downtime Deployment,Zero-Downtime Deployment,Canary Release,Traffic Splitting,Medium
3,Zero-Downtime Deployment,Zero-Downtime Deployment,Zero-Downtime Deployment,Rolling Update,Incremental Replacement,Medium
3,Zero-Downtime Deployment,Zero-Downtime Deployment,Zero-Downtime Deployment,Feature Toggle,Conditional Execution,Medium
3,Blockchain Resilience,Blockchain Resilience,Blockchain Resilience,Proof of Stake (PoS),Validator Bonding,Medium
3,Blockchain Resilience,Blockchain Resilience,Blockchain Resilience,UTXO Model,Double-Spend Prevention,Medium
3,Blockchain Resilience,Blockchain Resilience,Blockchain Resilience,Multisig Wallets,Key Distribution,Medium
3,Blockchain Resilience,Blockchain Resilience,Blockchain Resilience,Consensus Finality,Casper FFG,Medium
3,Blockchain Resilience,Blockchain Resilience,Blockchain Resilience,Replay Protection,Chain ID Verification,Medium
3,Blockchain Resilience,Blockchain Resilience,Blockchain Resilience,MEV Resistance,Commit-Reveal Schemes,Medium
3,Blockchain Resilience,Blockchain Resilience,Blockchain Resilience,Cryptographic Primitives,ECDSA/secp256k1,Medium
3,Blockchain Resilience,Blockchain Resilience,Blockchain Resilience,Zero-Knowledge Proofs,zk-SNARKs,Medium
3,Core Components,WASM Runtime,Runtime,iPhone App,Mobile Integration,High
3,Core Components,WASM Runtime,Runtime,Android App,Mobile Integration,High
3,Core Components,AI Treasury,Treasury,Human Override,Human Control,Medium
3,Core Components,AI Treasury,Treasury,Quantum Security,Security,High
3,Core Components,Universal Bridge,Bridge,10,000+ Chain Integrations,Multi-Chain Integration,High
3,Core Components,Universal Bridge,Bridge,AI Routing,Routing,High
3,Main Features,Universal Payments,Payments,Any Currency to Any Currency,Currency Conversion,High
3,Main Features,Unified Liquidity OS,Liquidity,$1T Depth,Liquidity Depth,High
3,Main Features,Unified Liquidity OS,Liquidity,<0.0001% Slippage,Slippage Control,High
3,Main Features,Unified Liquidity OS,Liquidity,Atomic Cross-Chain,Cross-Chain Trading,High
3,Main Features,AI Governance,Governance,Human Veto (49%),Human Control,Medium
3,Sub Types,Payments Subtypes,Payments,Retail,Retail Payments,Medium
3,Sub Types,Payments Subtypes,Payments,IoT,IoT Payments,Medium
3,Sub Types,Identity Subtypes,Identity,Social DID,Social Identity,Medium
3,Sub Types,Identity Subtypes,Identity,Device DID,Device Identity,Medium
3,Sub Types,Bridge Subtypes,Bridge,Lock & Mint,Lock & Mint Mechanism,High
3,Sub Types,Bridge Subtypes,Bridge,Federated Peg,Federated Peg Mechanism,High
3,Sub Types,Bridge Subtypes,Bridge,MPC Threshold,MPC Threshold Mechanism,High
3,Sub Types,Consensus Subtypes,Consensus,QVRF,Quantum VRF,High
3,Sub Types,Consensus Subtypes,Consensus,Lattice BFT,Lattice BFT,High
3,Sub Types,Consensus Subtypes,Consensus,Shard Routing,Shard Routing,High
3,Components,Proposal System,System,Quorum Checks,Quorum Verification,High
3,Components,Wallet Interface,Wallet,Neuralink Integration,Brain-Computer Interface,Medium
3,Components,Monitoring Dashboard,Dashboard,Real-Time Metrics,Metrics,High
3,Components,Monitoring Dashboard,Dashboard,AI Alerts,Alerts,High
4,Core Trading,DEX Aggregator,DEX Aggregator,Slippage Protection,Trade Safety,High
4,Core Trading,DEX Aggregator,DEX Aggregator,API Integrations with Multiple DEXs,DEX Integration,High
4,Core Trading,DEX Aggregator,DEX Aggregator,Slippage Calculators,Slippage Calculation,High
4,Core Trading,DEX Aggregator,DEX Aggregator,Gas Estimators,Gas Cost Estimation,High
4,Core Trading,AMM,AMM,Liquidity Pools (paired token reserves),Token Reserve Management,High
4,Core Trading,AMM,AMM,Smart Contracts for Swaps,Swap Execution,High
4,Core Trading,AMM,AMM,Router Contract for Execution,Multi-hop Routing,High
4,Core Trading,Orderbook,Orderbook,Limit Orders (buy/sell at price),Order Management,High
4,Core Trading,Orderbook,Orderbook,Cancellation Mechanisms,Order Cancellation,High
4,Core Trading,Orderbook,Orderbook,Settlement Contracts,Trade Settlement,High
4,Settlement & Consensus,Blockchain Integration,Consensus Mechanism,Consensus Mechanism (PoS/PoW),Network Consensus,High
4,Settlement & Consensus,Blockchain Integration,Block Finality Oracles,Block Finality Oracles,Block Finality,High
4,Settlement & Consensus,Blockchain Integration,Cross-Chain Bridges,Cross-Chain Bridges (e.g. Wormhole),Cross-chain Communication,High
4,Settlement & Consensus,Blockchain Integration,Transaction Batchers,Transaction Batchers,Transaction Batching,Medium
4,Settlement & Consensus,Atomic Swaps,Atomic Swaps,Hash Time-Locked Contracts (HTLCs),Atomic Swap Protocol,High
4,Settlement & Consensus,Atomic Swaps,Atomic Swaps,Multi-Sig Escrows,Asset Escrow,High
4,Settlement & Consensus,Atomic Swaps,Atomic Swaps,Reveal/Refund Timers,Swap Timing,High
4,Settlement & Consensus,Atomic Swaps,Atomic Swaps,Cross-Asset Verification,Cross-Asset Verification,High
4,User Interface & Wallet,Non-Custodial Wallets,Wallets,Private Key Management (e.g. MetaMask SDK),Key Management,High
4,User Interface & Wallet,Non-Custodial Wallets,Wallets,WalletConnect Protocol,Wallet Connection,High
4,User Interface & Wallet,Non-Custodial Wallets,Wallets,Signature Verifiers,Signature Verification,High
4,User Interface & Wallet,Non-Custodial Wallets,Wallets,Gas Abstraction (meta-transactions),Gas Abstraction,High
4,User Interface & Wallet,Frontend Dashboard,Frontend,React/Vue.js UI,User Interface,High
4,User Interface & Wallet,Frontend Dashboard,Frontend,Web3.js/Ethers.js Libraries,Blockchain Interaction,High
4,User Interface & Wallet,Frontend Dashboard,Frontend,Real-time Charting (e.g. TradingView API),Charting,High
4,Liquidity & Incentive,Liquidity Provision,Liquidity Provision,LP Token Issuance,LP Token Management,High
4,Liquidity & Incentive,Liquidity Provision,Liquidity Provision,Fee Distribution (0.3% per swap),Fee Distribution,High
4,Liquidity & Incentive,Yield Farming/Staking,Yield Farming,Staking Contracts,Staking Management,High
4,Liquidity & Incentive,Yield Farming/Staking,Yield Farming,Reward Emission Curves,Reward Distribution,High
4,Governance & Security,DAO Governance,DAO Governance,Proposal/Voting Smart Contracts,Proposal Management,High
4,Governance & Security,DAO Governance,DAO Governance,Token-Weighted Voting (e.g. 1T=1V),Voting Mechanism,High
4,Governance & Security,DAO Governance,DAO Governance,Timelock Execution,Timelock Execution,High
4,Governance & Security,DAO Governance,DAO Governance,Emergency Pauses,Emergency Controls,High
4,Governance & Security,Security Modules,Security Modules,Audited Smart Contracts (e.g. OpenZeppelin),Contract Security,High
4,Governance & Security,Security Modules,Security Modules,Reentrancy Guards,Reentrancy Protection,High
4,Governance & Security,Security Modules,Security Modules,Oracle Price Feeds (Chainlink),Price Feed Security,High
4,Scalability & Interoperability,Layer 2 Scaling,Layer 2 Scaling,Rollup Integration (Optimistic/ZK),Rollup Integration,High
4,Scalability & Interoperability,Layer 2 Scaling,Layer 2 Scaling,State Channels for Off-chain Orders,State Channels,High
4,Scalability & Interoperability,Layer 2 Scaling,Layer 2 Scaling,Batch Settlements,Batch Settlements,High
4,Scalability & Interoperability,Cross-Chain Protocols,Cross-Chain Protocols,IBC (Inter-Blockchain Communication),IBC Communication,High
4,Scalability & Interoperability,Cross-Chain Protocols,Cross-Chain Protocols,Axelar Bridges,Axelar Bridges,High
4,Scalability & Interoperability,Cross-Chain Protocols,Cross-Chain Protocols,Wrapped Assets (e.g. wETH),Asset Wrapping,High
4,Scalability & Interoperability,Cross-Chain Protocols,Cross-Chain Protocols,Relayer Networks,Relayer Networks,High
4,Analytics & Oracles,Price Oracles,Price Oracles,Decentralized Data Feeds,Data Feed Management,High
4,Analytics & Oracles,Price Oracles,Price Oracles,Circuit Breakers for Anomalies,Price Anomaly Detection,High
4,Analytics & Oracles,On-Chain Analytics,On-Chain Analytics,Event Emitters,Event Emission,High
4,Analytics & Oracles,On-Chain Analytics,On-Chain Analytics,Indexing Services (The Graph),Data Indexing,High
4,Sub Types,Payments Subtypes,Payments,Institutional,Institutional Payments,High
4,Sub Types,Payments Subtypes,Payments,Nation-State,Nation-State Payments,High
4,Sub Types,Identity Subtypes,Identity,Biometric DID,Biometric Identity,High
5,Infrastructure,API Service,API Service,Hash Map,Session Management,High
5,Infrastructure,API Service,API Service,Broadcast Channels,Real-time Updates,High
5,Infrastructure,API Service,API Service,Load Balancer,Request Distribution,High
5,Infrastructure,API Service,API Service,Rate Limiting,Request Throttling,High
5,Infrastructure,Database,Database,Connection Pool,Resource Management,High
5,Infrastructure,Database,Database,B+ Tree,Indexing,High
5,Infrastructure,Database,Database,ACID Transactions,Data Consistency,High
5,Infrastructure,Network,Network,Hash Map,Firewall Rules,High
5,Infrastructure,Network,Network,Hash Map,Service Mesh,High
5,Infrastructure,Network,Network,Trie,IP Routing,High
5,Infrastructure,Core,Core,Result Pattern,Error Handling,High
5,Infrastructure,Core,Core,Hash Map,Configuration Management,High
5,Infrastructure,Core,Core,Ethereum Virtual Machine (EVM),Smart Contract Execution,High
5,Infrastructure,Core,Core,Blockchain Consensus,Transaction Validation,High
5,Infrastructure,Frontend,Frontend,Virtual DOM,UI Rendering,High
5,Infrastructure,Frontend,Frontend,State Reducer Pattern,State Management,High
5,Security,Security Layer,Security Layer 1,Governance & Policy Management,Policy Enforcement,High
5,Security,Security Layer,Security Layer 2,Identity & Access Control,Authentication & Authorization,High
5,Security,Security Layer,Security Layer 3,Application Security,Input/Output Protection,High
5,Security,Security Layer,Security Layer 4,API & Gateway Security,API Protection,High
5,Security,Security Layer,Security Layer 5,Data Security,Encryption & Classification,High
5,Security,Security Layer,Security Layer 6,Network & Infrastructure Security,Perimeter Defense,High
5,Security,Security Layer,Security Layer 7,Resilience & Availability,Disaster Recovery,High
5,Security,Security Layer,Security Layer 8,Observability & Detection,Threat Monitoring,High
5,Security,Security Layer,Security Layer 9,Software Supply Chain,Artifact Integrity,High
5,Security,Security Layer,Security Layer 10,Front-End & User Safety,Client Protection,High
5,Security,Protection Layer,Protection Layer 1,Rate Limiting,Request Throttling,High
5,Security,Protection Layer,Protection Layer 2,Input Validation,Data Sanitization,High
5,Security,Protection Layer,Protection Layer 3,Output Encoding,Content Security,High
5,Security,Protection Layer,Protection Layer 4,Access Control,Permission Management,High
5,Security,Protection Layer,Protection Layer 5,Encryption,Data Protection,High
5,Security,Security,Security,Ring Buffer,Rate Limiting,High
5,Security,Security,Security,Input Sanitization,Data Validation,High
5,Security,Security,Security,Whitelist/Blacklist,Token Validation,High
5,Security,Security,Security,SHA3-256,Password Hashing,High
5,Security,Security,Security,AES-GCM,Secret Encryption,High
5,Security,Security,Security,JWT,Token Management,High
5,Testing,Testing Layer,Testing Layer 1,Unit Testing,Component Validation,High
5,Testing,Testing Layer,Testing Layer 2,Integration Testing,System Validation,High
5,Testing,Testing Layer,Testing Layer 3,Security Testing,Threat Assessment,High
5,Testing,Testing Layer,Testing Layer 4,Performance Testing,Load Validation,High
5,Identity,Identity,Identity,Hash Map,User Management,High
5,Core Components,WASM Runtime,Runtime,Tesla Integration,Vehicle Integration,Medium
5,Core Components,WASM Runtime,Runtime,Starlink Wallet,Satellite Integration,Medium
5,Core Components,WASM Runtime,Runtime,Neuralink Interface,Brain-Computer Interface,Medium
5,Core Components,WASM Runtime,Runtime,IoT Wallet,Internet of Things Integration,Medium
5,Liquidity & Incentive,Liquidity Provision,Liquidity Provision,Impermanent Loss Protection (ILP) Insurance,Impermanent Loss Protection,Medium
5,Liquidity & Incentive,Yield Farming/Staking,Yield Farming,Lock-up Periods,Lock-up Management,Medium
5,Liquidity & Incentive,Yield Farming/Staking,Yield Farming,Auto-Compounding,Auto-Compounding,Medium
5,Governance & Security,Security Modules,Security Modules,Bug Bounty Programs,Bug Bounty Management,Medium
5,User Interface & Wallet,Frontend Dashboard,Frontend,Notification Systems,User Notifications,Medium
5,Analytics & Oracles,On-Chain Analytics,On-Chain Analytics,Dashboard Queries,Dashboard Querying,Medium
5,Analytics & Oracles,On-Chain Analytics,On-Chain Analytics,Volume/Volume Trackers,Volume Tracking,Medium
// Verification: All 5 priorities contain DSAs - Priority 1: 20, Priority 2: 48, Priority 3: 88, Priority 4: 50, Priority 5: 53